Project,Repo,Project license,Repo License,Sourcerank
Rubygems/racc,https://github.com/tenderlove/racc,MIT,LGPL-2.1,17
Rubygems/scrypt,https://github.com/pbhogan/scrypt,MIT,BSD-3-Clause,16
Rubygems/azure_mgmt_compute,https://github.com/Azure/azure-sdk-for-ruby,MIT,Apache-2.0,15
Rubygems/azure_mgmt_storage,https://github.com/Azure/azure-sdk-for-ruby,MIT,Apache-2.0,15
Rubygems/azure_mgmt_resources,https://github.com/Azure/azure-sdk-for-ruby,MIT,Apache-2.0,15
Rubygems/azure_mgmt_network,https://github.com/Azure/azure-sdk-for-ruby,MIT,Apache-2.0,15
Rubygems/d3_rails,https://github.com/logical42/d3_rails,MIT,BSD-3-Clause,15
Rubygems/kpeg,https://github.com/evanphx/kpeg,MIT,BSD-3-Clause,14
Rubygems/graticule,https://github.com/collectiveidea/graticule,MIT,BSD-3-Clause,14
Rubygems/bio-samtools,https://github.com/helios/bioruby-samtools,MIT,GPL-3.0,14
Rubygems/earth,https://github.com/faradayio/earth,MIT,AGPL-3.0,14
Rubygems/azure_mgmt_sql,https://github.com/Azure/azure-sdk-for-ruby,MIT,Apache-2.0,14
Rubygems/hologram,https://github.com/trulia/hologram,MIT,BSD-3-Clause,14
Rubygems/vagrant-hostmanager,https://github.com/devopsgroup-io/vagrant-hostmanager,MIT,MPL-2.0,14
Rubygems/rbpdf,https://github.com/naitoh/rbpdf,"MIT,GPL-1.0+",LGPL-2.1,13
Rubygems/xero_gateway,https://github.com/xero-gateway/xero_gateway,MIT,ISC,13
Rubygems/sugarcube,https://github.com/fusionbox/sugarcube,MIT,BSD-2-Clause,13
Rubygems/dm-rspec,https://github.com/greyblake/dm-rspec,MIT,LGPL-3.0,13
Rubygems/gender_detector,https://github.com/bmuller/gender_detector,MIT,GPL-3.0,13
Rubygems/em-socksify,https://gitlab.com/mfriedenhagen/trivia,MIT,BSD-2-Clause,12
Rubygems/motion-yaml,https://github.com/HipByte/motion-yaml,MIT,BSD-2-Clause,12
Rubygems/filepicker-rails,https://github.com/filestack/filestack-rails,MIT,Apache-2.0,12
Rubygems/devise-ios-rails,https://github.com/netguru/devise-ios-rails,MIT,BSD-3-Clause,12
Rubygems/pacer,https://github.com/pangloss/pacer,MIT,BSD-3-Clause,12
Rubygems/azure_mgmt_authorization,https://github.com/Azure/azure-sdk-for-ruby,MIT,Apache-2.0,12
Rubygems/puppet-retrospec,https://github.com/nwops/puppet-retrospec,MIT,AGPL-3.0,12
Rubygems/hikidoc,https://github.com/hiki/hikidoc,MIT,BSD-3-Clause,12
Rubygems/google-ads-savon,https://github.com/googleads/google-api-ads-ruby,MIT,Apache-2.0,12
Rubygems/azure_mgmt_search,https://github.com/Azure/azure-sdk-for-ruby,MIT,Apache-2.0,11
Rubygems/manns_shared,https://github.com/saigkill/MannsShared,MIT,AGPL-3.0,11
Rubygems/azure_mgmt_cdn,https://github.com/Azure/azure-sdk-for-ruby,MIT,Apache-2.0,11
Rubygems/property_sets,https://github.com/zendesk/property_sets,MIT,Apache-2.0,11
Rubygems/azure_mgmt_features,https://github.com/Azure/azure-sdk-for-ruby,MIT,Apache-2.0,11
Rubygems/liquid_reading_time,https://github.com/bdesham/reading_time,MIT,ISC,11
Rubygems/activerecord-clean-db-structure,https://github.com/lfittl/activerecord-clean-db-structure,MIT,BSD-3-Clause,11
Rubygems/ipaddr,https://github.com/ruby/ipaddr,MIT,BSD-2-Clause,11
Rubygems/forklift_etl,https://github.com/taskrabbit/forklift,MIT,Apache-2.0,11
Rubygems/pio,https://github.com/trema/pio,"GPL-2.0,MIT",GPL-3.0,11
Rubygems/elastic_record,https://github.com/data-axle/elastic_record,MIT,Apache-2.0,11
Rubygems/jstree-rails-4,https://github.com/kesha-antonov/jstree-rails-4,MIT,Unlicense,11
Rubygems/azure_mgmt_redis,https://github.com/Azure/azure-sdk-for-ruby,MIT,Apache-2.0,11
Rubygems/spree_favorite_products,https://github.com/vinsol-spree-contrib/spree_favorite_products,MIT,BSD-3-Clause,11
Rubygems/dapp,https://github.com/flant/dapp,MIT,Apache-2.0,11
Rubygems/contextio,https://github.com/contextio/contextio-ruby,MIT,Apache-2.0,11
Rubygems/azure_mgmt_graph,https://github.com/Azure/azure-sdk-for-ruby,MIT,Apache-2.0,11
Rubygems/one_signal,https://github.com/tbalthazar/onesignal-ruby,MIT,GPL-3.0,11
Rubygems/azure_mgmt_notification_hubs,https://github.com/Azure/azure-sdk-for-ruby,MIT,Apache-2.0,11
Rubygems/azure_mgmt_locks,https://github.com/Azure/azure-sdk-for-ruby,MIT,Apache-2.0,11
Rubygems/azure_mgmt_subscriptions,https://github.com/Azure/azure-sdk-for-ruby,MIT,Apache-2.0,11
Rubygems/azure_mgmt_scheduler,https://github.com/Azure/azure-sdk-for-ruby,MIT,Apache-2.0,11
Rubygems/azure_mgmt_web,https://github.com/Azure/azure-sdk-for-ruby,MIT,Apache-2.0,11
Rubygems/co2mon,https://github.com/dmage/co2mon,MIT,GPL-3.0,10
Rubygems/gusteau,https://github.com/locomote/gusteau,"BSD-3-Clause,MIT",BSD-2-Clause,10
Rubygems/chroma,https://github.com/jfairbank/chroma,MIT,ISC,10
Rubygems/retrospec,https://github.com/nwops/retrospec,MIT,AGPL-3.0,10
Rubygems/collins_notify,https://github.com/tumblr/collins,MIT,Apache-2.0,10
Rubygems/prawn-graph,https://github.com/HHRy/prawn-graph,MIT,GPL-2.0,10
Rubygems/mulang,https://github.com/mumuki/mulang,MIT,GPL-3.0,10
Rubygems/ansj_seg-jruby,https://github.com/NLPchina/ansj_seg,MIT,Apache-2.0,10
Rubygems/superstore,https://github.com/data-axle/superstore,"ISC,MIT",ISC,10
Rubygems/m9t,https://github.com/joeyates/m9t,MIT,GPL-3.0,10
Rubygems/rakeup,https://github.com/blakewatters/RakeUp,MIT,Apache-2.0,10
Rubygems/jieba-jruby,https://github.com/huaban/jieba-analysis,MIT,Apache-2.0,10
Rubygems/filestack-rails,https://github.com/filestack/filestack-rails,MIT,Apache-2.0,10
Rubygems/trepanning,https://github.com/rocky/rb-trepanning,MIT,BSD-2-Clause,10
Rubygems/veritrans,https://github.com/veritrans/veritrans-ruby,MIT,Apache-2.0,10
Rubygems/rubinius-bridge,https://github.com/rubinius/rubinius-bridge,MIT,BSD-3-Clause,10
Rubygems/greenmat,https://github.com/increments/greenmat,MIT,ISC,10
Rubygems/jellyfish_fog_aws,https://github.com/boozallen/projectjellyfish,MIT,Apache-2.0,10
Rubygems/congress,https://github.com/codeforamerica/congress,MIT,BSD-3-Clause,10
Rubygems/opentracing,https://github.com/opentracing/opentracing-ruby,MIT,Apache-2.0,10
Rubygems/mt940_parser,https://github.com/betterplace/mt940_parser,MIT,Apache-2.0,10
Rubygems/tetra,https://github.com/moio/tetra,MIT,BSD-3-Clause,10
Rubygems/artikcloud,https://github.com/artikcloud/artikcloud-ruby,MIT,Apache-2.0,10
Rubygems/zucchini-ios,https://github.com/zucchini-src/zucchini,"BSD-3-Clause,MIT",BSD-2-Clause,10
Rubygems/vis-rails,https://github.com/AlexVangelov/vis-rails,MIT,Apache-2.0,10
Rubygems/kiba-plus,https://github.com/hooopo/kiba-plus,MIT,GPL-3.0,10
Rubygems/polish_number,https://github.com/amberbit/polish_number,MIT,GPL-2.0,9
Rubygems/helium-ruby,https://github.com/helium/helium-ruby,MIT,BSD-3-Clause,9
Rubygems/ppc,https://github.com/warriors-of-the-night/ppc,MIT,GPL-2.0,9
Rubygems/capcake,https://github.com/jadb/capcake,MIT,BSD-3-Clause,9
Rubygems/gkv,https://github.com/ybur-yug/gkv,MIT,WTFPL,9
Rubygems/dockscan,https://github.com/kost/dockscan,MIT,GPL-2.0,9
Rubygems/chef-handler-slack,https://github.com/tinyspeck/chef-handler-slack,MIT,Apache-2.0,9
Rubygems/spree-point-of-sale,https://github.com/vinsol-spree-contrib/spree-point-of-sale,MIT,BSD-3-Clause,9
Rubygems/spree_wallet,https://github.com/vinsol-spree-contrib/spree_wallet,MIT,BSD-3-Clause,9
Rubygems/rbx-trepanning,https://github.com/rocky/rbx-trepanning,MIT,BSD-3-Clause,9
Rubygems/spree_loyalty_points,https://github.com/vinsol-spree-contrib/spree-loyalty-points,MIT,BSD-3-Clause,9
Rubygems/gocd,https://github.com/ajitsing/gocd,MIT,Apache-2.0,9
Rubygems/html5shiv-js-rails,https://github.com/RouL/html5shiv-js-rails,"MIT,GPL-2.0",GPL-2.0,9
Rubygems/spree_custom_checkout,https://github.com/0bserver07/Spree-Custom-Checkout,MIT,BSD-3-Clause,9
Rubygems/spree-bank-transfer,https://github.com/vinsol-spree-contrib/spree_bank_transfer,MIT,BSD-3-Clause,9
Rubygems/jump,https://github.com/flavio/jump,MIT,GPL-3.0,9
Rubygems/azure_mgmt_msi,https://github.com/Azure/azure-sdk-for-ruby,MIT,Apache-2.0,9
Rubygems/snapi,https://github.com/pwnieexpress/snapi,MIT,LGPL-3.0,9
Rubygems/webrc,https://github.com/Ritvik1512/webrc,MIT,GPL-3.0,9
Rubygems/meducation_sdk,https://github.com/meducation/meducation_sdk,MIT,AGPL-3.0,9
Rubygems/sqlite3-fiddle,https://github.com/threez/sqlite3-fiddle,MIT,BSD-3-Clause,9
Rubygems/Avatax_TaxService,https://github.com/avadev/AvaTax-SOAP-Ruby-SDK,MIT,Apache-2.0,9
Rubygems/filterism,https://github.com/philspitler/filterism,MIT,BSD-3-Clause,9
Rubygems/credit-card-sms-parser,https://github.com/kakao/credit-card-sms-parser,MIT,BSD-3-Clause,9
Rubygems/gjp,https://github.com/moio/tetra,MIT,BSD-3-Clause,9
Rubygems/odeon_uk,https://github.com/andycroll/odeon_uk,MIT,AGPL-3.0,9
Rubygems/obfuscate,https://github.com/mguymon/obfuscate,MIT,Apache-2.0,9
Rubygems/gracenote,https://github.com/nobelium/gracenote,MIT,GPL-3.0,9
Rubygems/anadea-spark,https://github.com/Anadea/spark,MIT,GPL-3.0,9
Rubygems/yupi,https://github.com/Anadea/spark,MIT,GPL-3.0,9
Rubygems/multidb,https://github.com/anamba/imagine_cms,MIT,AGPL-3.0,9
Rubygems/tushare,https://github.com/waditu/tushare-ruby,MIT,BSD-3-Clause,9
Rubygems/dj2,https://github.com/treeder/dj,MIT,Apache-2.0,9
Rubygems/yawast,https://github.com/adamcaudill/yawast,MIT,BSD-3-Clause,9
Rubygems/active_encode,https://github.com/samvera-labs/active_encode,MIT,Apache-2.0,9
Rubygems/restful_objects,https://github.com/vizcay/RestfulObjectsRuby,MIT,Apache-2.0,9
Rubygems/rb-threadframe,https://github.com/rocky/rb-threadframe,MIT,BSD-2-Clause,9
Rubygems/cellect-client,https://github.com/zooniverse/Cellect,MIT,Apache-2.0,9
Rubygems/cellect-server,https://github.com/zooniverse/Cellect,MIT,Apache-2.0,9
Rubygems/shoot,https://github.com/joaomilho/shoot,MIT,ISC,9
Rubygems/spree_mercado_pago,https://github.com/manuca/spree_mercado_pago,MIT,BSD-3-Clause,8
Rubygems/motion-settings,https://github.com/mixflame/RubyMotion-UserSettings,MIT,GPL-3.0,8
Rubygems/need_label,https://github.com/kazuhisa/need_label,MIT,GPL-3.0,8
Rubygems/lita-totems,https://github.com/charleseff/lita-totems,MIT,Apache-2.0,8
Rubygems/rosie-aws,https://github.com/xogroup/rosie-aws,MIT,GPL-3.0,8
Rubygems/stix_schema_spy,https://github.com/johnwunder/stix_schema_spy,MIT,BSD-3-Clause,8
Rubygems/spree_paga,https://github.com/vinsol-spree-contrib/spree_paga,MIT,BSD-3-Clause,8
Rubygems/pullable,https://github.com/itsmeduncan/pullable,MIT,Unlicense,8
Rubygems/allowed_params,https://github.com/SPBTV/allowed_params,MIT,Apache-2.0,8
Rubygems/repsheet_visualizer,https://github.com/repsheet/visualizer,MIT,Apache-2.0,8
Rubygems/restcomm-ruby,https://github.com/RestComm/restcomm-ruby,MIT,AGPL-3.0,8
Rubygems/binder_sdk,https://github.com/meducation/ordino_sdk,MIT,AGPL-3.0,8
Rubygems/Avatax_AddressService,https://github.com/avadev/AvaTax-SOAP-Ruby-SDK,MIT,Apache-2.0,8
Rubygems/blur,https://github.com/mkroman/blur,MIT,ISC,8
Rubygems/beanstalkify,https://github.com/pranavraja/beanstalkify,MIT,ISC,8
Rubygems/chatty_crow,https://github.com/ChattyCrow/chattycrow_ruby,MIT,Apache-2.0,8
Rubygems/uw_sws,https://github.com/UWFosterIT/uwsws,MIT,GPL-3.0,8
Rubygems/typed.rb,https://github.com/antoniogarrote/typed.rb,MIT,GPL-3.0,8
Rubygems/tdiary-style-markdown,https://github.com/clear-code/tdiary-style-markdown,MIT,GPL-3.0,8
Rubygems/appium_connect_pi,https://github.com/Orasi/AppiumConnect,MIT,BSD-3-Clause,8
Rubygems/docstache,https://github.com/willcosgrove/docstache,MIT,Apache-2.0,8
Rubygems/riley_ipsum,https://github.com/blimpage/riley_ipsum,MIT,WTFPL,8
Rubygems/redlock-rb,https://github.com/outstand/redlock-rb,MIT,BSD-2-Clause,8
Rubygems/truty,https://github.com/mkj-is/Truty,MIT,GPL-3.0,8
Rubygems/lita-tuc,https://github.com/rubyni/lita-tuc,MIT,Apache-2.0,8
Rubygems/ffi-tox,https://github.com/d4l3k/ffi-tox,MIT,BSD-2-Clause,8
Rubygems/tdiary-style-rd,https://github.com/tdiary/tdiary-style-rd,MIT,GPL-3.0,8
Rubygems/unified_payment,https://github.com/vinsol/Unified-Payments,MIT,BSD-3-Clause,8
Rubygems/fyrehose,https://github.com/paulasmuth/brokerd,MIT,GPL-3.0,8
Rubygems/before_and_after,https://github.com/bjornblomqvist/before_and_after,MIT,LGPL-3.0,8
Rubygems/quaff,https://github.com/rkday/quaff,"GPL-3.0,MIT",GPL-3.0,8
Rubygems/graphite_sender,https://github.com/icalvete/graphite-sender,MIT,Apache-2.0,8
Rubygems/jfish,https://github.com/jeanlescure/jfish,MIT,BSD-3-Clause,8
Rubygems/hangul,https://github.com/aelaa/hangul,MIT,GPL-2.0,8
Rubygems/rocket_job_mission_control,https://github.com/rocketjob/rocketjob_mission_control,MIT,Apache-2.0,8
Rubygems/hexapic,https://github.com/blan4/hexapic,MIT,GPL-2.0,8
Rubygems/md2dw,https://github.com/sczizzo/md2dw,MIT,ISC,8
Rubygems/ruby-cleverbot-api,https://github.com/FormalHellhound/ruby-cleverbot-api,MIT,GPL-3.0,8
Rubygems/warren_ipsum,https://github.com/vonconrad/warren_ipsum,MIT,WTFPL,8
Rubygems/action_kit_rest,https://github.com/controlshift/action_kit_rest,MIT,BSD-3-Clause,8
Rubygems/raptor-io,https://github.com/rapid7/raptor-io,MIT,BSD-3-Clause,8
Rubygems/jruby-warck,https://github.com/ptinovacao/rubygem-jruby-warck,MIT,LGPL-2.1,8
Rubygems/boardeffect,https://github.com/boardeffect/boardeffect,MIT,Apache-2.0,8
Rubygems/zstd-ruby,https://github.com/SpringMT/zstd-ruby,MIT,BSD-3-Clause,8
Rubygems/yboss,https://github.com/elcamino/yboss,MIT,BSD-3-Clause,8
Rubygems/omniauth-paypal-permissions,https://github.com/hfwang/omniauth-paypal-permissions,MIT,Apache-2.0,8
Rubygems/ordino_sdk,https://github.com/meducation/ordino_sdk,MIT,AGPL-3.0,8
Rubygems/appium_connect,https://github.com/Orasi/AppiumConnect,MIT,BSD-3-Clause,8
Rubygems/phut,https://github.com/trema/phut,"GPL-2.0,MIT",GPL-2.0,8
Rubygems/ggl,https://github.com/mrowa44/ggl,MIT,GPL-3.0,8
Rubygems/csrmatrix,https://github.com/Team-Aqua/Matrix-Library,MIT,Apache-2.0,8
Rubygems/plupload4rails,https://github.com/chenyun/plupload4rails,"MIT,GPL-2.0",GPL-3.0+,8
Rubygems/cineworld_uk,https://github.com/andycroll/cineworld_uk,MIT,AGPL-3.0,8
Rubygems/locality-uuid,https://github.com/groupon/locality-uuid.rb,MIT,BSD-3-Clause,8
Rubygems/arg_scanner,https://github.com/JetBrains/ruby-type-inference,MIT,Apache-2.0,8
Rubygems/vagrant-saltdeps,https://github.com/joshughes/vagrant-saltdeps,MIT,Apache-2.0,8
Rubygems/instabot,https://github.com/eVanilla/instabot.rb,MIT,GPL-2.0,8
Rubygems/ref2bibtex,https://github.com/SpeciesFileGroup/ref2bibtex,MIT,BSD-3-Clause,8
Rubygems/spree-split-payments,https://github.com/vinsol-spree-contrib/spree-split-payments,MIT,BSD-3-Clause,8
Rubygems/deep_unrest,https://github.com/graveflex/deep_unrest,MIT,WTFPL,7
Rubygems/hammer_builder,https://github.com/pitr-ch/htmless,MIT,LGPL-2.1,7
Rubygems/fresh_proxy,https://github.com/JotaSe/fresh_proxy,MIT,GPL-3.0,7
Rubygems/cenit-collection-super,https://github.com/Asnioby/cenit-collection-super,MIT,BSD-3-Clause,7
Rubygems/hb_exporter,https://github.com/qhwa/huaban_exporter,MIT,GPL-2.0,7
Rubygems/mailbuilder,https://github.com/bjornblomqvist/mailbuilder,MIT,LGPL-3.0,7
Rubygems/dictuby,https://github.com/reneklacan/dictuby,MIT,Apache-2.0,7
Rubygems/ace_redlock,https://github.com/outstand/redlock-rb,MIT,BSD-2-Clause,7
Rubygems/html2json,https://github.com/anoopmail/html2json,MIT,GPL-2.0,7
Rubygems/haconiwa,https://github.com/haconiwa/haconiwa-mri,MIT,GPL-3.0,7
Rubygems/htmless,https://github.com/pitr-ch/htmless,MIT,LGPL-2.1,7
Rubygems/rooftop-rails,https://github.com/rooftopcms/rooftop-rails,MIT,GPL-3.0,7
Rubygems/asrake,https://github.com/nexussays/ASRake,MIT,BSD-3-Clause,7
Rubygems/vx-lib-shell,https://github.com/vexor/vx-lib-shell,MIT,GPL-2.0,7
Rubygems/all_sorts,https://github.com/philspitler/allsorts,MIT,BSD-3-Clause,7
Rubygems/hello_bdmade,https://github.com/BDMADE/hello_bdmade,MIT,GPL-3.0,7
Rubygems/toxiclibs,https://github.com/ruby-processing/toxicgem,"MIT,LGPL-3.0",GPL-3.0,7
Rubygems/opstack,https://github.com/OpSitters/opstack,"MIT,GPL-2.0",GPL-2.0,7
Rubygems/nilal,https://github.com/paramadeep/nilal,MIT,Apache-2.0,7
Rubygems/inistyle,https://github.com/GeoffWilliams/inistyle,MIT,Apache-2.0,7
Rubygems/knife-instance,https://github.com/ZestFinance/knife-instance,MIT,Apache-2.0,7
Rubygems/lab42_state_machine,https://github.com/RobertDober/lab42_state_machine,MIT,Apache-2.0,7
Rubygems/corenlp,https://github.com/lengio/corenlp,MIT,GPL-2.0,7
Rubygems/csv-diff,https://github.com/agardiner/csv-diff,MIT,BSD-2-Clause,7
Rubygems/dacpclient,https://github.com/jurriaan/ruby-dacpclient,MIT,BSD-3-Clause,7
Rubygems/lockistics,https://github.com/kke/lockistics,MIT,Unlicense,7
Rubygems/mutations_caller_pipeline_aws,https://github.com/khayer/mutations_caller_pipeline_aws,"MIT,GPL-2.0",GPL-2.0,7
Rubygems/riemann-aws-dynamodb,https://github.com/krakatoa/riemann-aws-dynamodb,MIT,GPL-2.0,7
Rubygems/fluent-plugin-es-mohit,https://github.com/mohit-soral/fluent-plugin-elasticsearch,MIT,Apache-2.0,7
Rubygems/embedrb,https://github.com/liris/embedrb,MIT,LGPL-2.1,7
Rubygems/rails-presenter,https://github.com/mathieujobin/rails-presenter,"GPL-3.0,MIT",GPL-3.0,7
Rubygems/blind,https://github.com/frodsan/blind,MIT,Unlicense,7
Rubygems/pincushion,https://github.com/bjmllr/pincushion,MIT,GPL-3.0,7
Rubygems/cal-ios-image-proc,https://github.com/ark-konopacki/calabash-ios-image-proc,MIT,EPL-1.0,7
Rubygems/sinatra-webfinger,https://github.com/konklone/sinatra-webfinger,MIT,BSD-3-Clause,7
Rubygems/Fresh-Proxy,https://github.com/JotaSe/fresh_proxy,MIT,GPL-3.0,7
Rubygems/opentie-core,https://github.com/opentie/opentie-core,MIT,LGPL-3.0,7
Rubygems/outpace_cli,https://github.com/outpace/outpace_cli,MIT,GPL-3.0+,7
Rubygems/ruby-dita,https://github.com/ruby-dita/ruby-dita,MIT,GPL-3.0,7
Rubygems/flintlock,https://github.com/jcmcken/flintlock,MIT,BSD-3-Clause,7
Rubygems/spree_cpf,https://github.com/tiagoamaro/spree_cpf,MIT,BSD-3-Clause,7
Rubygems/webgen-content_processor_emoticon-bundle,https://github.com/gettalong/webgen-content_processor_emoticon-bundle,MIT,GPL-2.0,7
Rubygems/br_inscricao_estadual,https://github.com/Pull4up/br_inscricao_estadual,MIT,GPL-3.0,7
Rubygems/salama-arm,https://github.com/ruby-x/rubyx-arm,MIT,GPL-2.0,7
Rubygems/release_me,https://github.com/nwops/release_me,MIT,Apache-2.0,7
Rubygems/snipgem,https://github.com/jgerminario/snip,MIT,GPL-2.0,7
Rubygems/vagrant-environments,https://github.com/goruha/vagrant-environments,MIT,GPL-3.0,7
Rubygems/octohat,https://github.com/LABHR/octohatrack-rb,MIT,BSD-3-Clause,7
Rubygems/moiscot-coffee,https://github.com/moi-solutions/moiScot-coffee,MIT,Apache-2.0,7
Rubygems/rankum,https://github.com/besson/rankum,MIT,Apache-2.0,7
Rubygems/gophr,https://github.com/palin/gophr,MIT,GPL-3.0,7
Rubygems/penman,https://github.com/uken/penman,MIT,Apache-2.0,7
Rubygems/construi,https://github.com/lstephen/construi,MIT,Apache-2.0,7
Rubygems/spree_unified_payment,https://github.com/vinsol-spree-contrib/Spree-Unified-Payments,MIT,BSD-3-Clause,7
Rubygems/bipbop-client,https://github.com/OTATA/bipbop-ruby,MIT,GPL-2.0,7
Rubygems/populus,https://github.com/udzura/populus,MIT,Apache-2.0,7
Rubygems/sdee,https://github.com/elbii/ruby-sdee,MIT,GPL-2.0,7
Rubygems/accessitude,https://github.com/mguymon/accessitude,MIT,Apache-2.0,7
Rubygems/rand-rspec,https://github.com/purbon/rand-rspec,MIT,Apache-2.0,7
Rubygems/iode,https://github.com/d11wtq/iode-rb,MIT,Apache-2.0,7
Rubygems/filestack,https://github.com/filestack/filestack-ruby,MIT,Apache-2.0,7
Rubygems/raph,https://github.com/veelenga/raph,MIT,Apache-2.0,7
Rubygems/spree_mercado_pago_payment_method,https://github.com/manuca/Spree-Mercado-Pago-payment-method,MIT,BSD-3-Clause,7
Rubygems/capistrano-consul_kv_lock,https://github.com/udzura/capistrano-consul_kv_lock,MIT,Apache-2.0,7
Rubygems/grenache-ruby-http,https://github.com/bitfinexcom/grenache-ruby-http,MIT,Apache-2.0,7
Rubygems/status_cake,https://github.com/coupacooke/status_cake,MIT,Apache-2.0,7
Rubygems/fde-file_crawler,https://github.com/fashion-data-exchange/file_crawler,MIT,Apache-2.0,7
Rubygems/bio-publisci,https://github.com/wstrinz/publisci,MIT,BSD-2-Clause,7
Rubygems/cenit-collection-foo,https://github.com/sanchojaf/cenit-collection-foo,MIT,BSD-3-Clause,7
Rubygems/swissmedic-diff,https://github.com/zdavatz/swissmedic-diff,MIT,GPL-2.0,7
Rubygems/featureflow,https://github.com/featureflow/featureflow-ruby-sdk,MIT,Apache-2.0,7
Rubygems/fde-s3_client,https://github.com/fashion-data-exchange/s3_client,MIT,Apache-2.0,7
Rubygems/fddb,https://github.com/webpapaya/fddb,MIT,Apache-2.0,7
Rubygems/architecture-js,https://github.com/daytonn/architecture-js,MIT,Apache-2.0,7
Rubygems/cta_aggregator_client,https://github.com/RagtagOpen/cta-aggregator-client-ruby,MIT,GPL-3.0,7
Rubygems/kopflos,https://github.com/niklas/kopflos,MIT,GPL-3.0,7
Rubygems/ces,https://gitlab.com/Punknoodles/ruby-ces,MIT,BSD-3-Clause,7
Rubygems/rar,https://github.com/mkroman/rar,MIT,ISC,7
Rubygems/samanage,https://github.com/cw2908/samanage-ruby,MIT,GPL-3.0,7
Rubygems/cellect,https://github.com/zooniverse/Cellect,MIT,Apache-2.0,7
Rubygems/honeycomb-rails,https://github.com/honeycombio/honeycomb-rails,MIT,Apache-2.0,7
Rubygems/arduino-lights,https://github.com/craftcodiness/arduino-lights,MIT,GPL-3.0,7
Rubygems/foggle,https://github.com/macklinu/foggle,MIT,Apache-2.0,7
Rubygems/proxyprotocol,https://github.com/omarkj/proxyprotocol,MIT,BSD-3-Clause,7
Rubygems/teamworkpm,https://github.com/ready4god2513/teamwork,MIT,Unlicense,7
Rubygems/x25519,https://github.com/cryptosphere/x25519,MIT,LGPL-3.0,7
Rubygems/grenache-ruby-base,https://github.com/bitfinexcom/grenache-ruby-base,MIT,Apache-2.0,7
Rubygems/activerecord-pgbouncer,https://github.com/remind101/activerecord-pgbouncer,MIT,BSD-2-Clause,7
Rubygems/gaptool-api,https://github.com/Gild/gaptool-api,MIT,Apache-2.0,7
Rubygems/gaptool-server,https://github.com/Gild/gaptool-server,MIT,Apache-2.0,7
Rubygems/spree_gtpay,https://github.com/vinsol-spree-contrib/Spree-GTPay,MIT,BSD-3-Clause,7
Rubygems/affiliate_window,https://github.com/reevoo/affiliate_window,MIT,BSD-3-Clause,7
Rubygems/epicmix,https://github.com/jpsilvashy/epicmix,MIT,GPL-2.0,7
Rubygems/spree_disable_cart,https://github.com/brajpratap17/spree_disable_cart,MIT,BSD-3-Clause,7
Rubygems/octohatrack,https://github.com/LABHR/octohatrack-rb,MIT,BSD-3-Clause,7
Rubygems/passman,https://github.com/alebian/passman,MIT,Apache-2.0,7
Rubygems/rubytldmap,https://github.com/linkosmos/rubytldmap,MIT,BSD-3-Clause,7
Rubygems/yz-monitor,https://github.com/basho-labs/ruby-yz-monitor,MIT,Apache-2.0,6
Rubygems/boomi-ruby,https://github.com/coupacooke/boomi-ruby,MIT,Apache-2.0,6
Rubygems/libeagle,https://github.com/aurimasniekis/libeagle,"MIT,GPL-2.0",GPL-2.0,6
Rubygems/stratumn_sdk,https://github.com/stratumn/agent-client-ruby,MIT,Apache-2.0,6
Rubygems/lint_trap,https://github.com/lintci/lint_trap,MIT,MPL-2.0,6
Rubygems/moiscot-cofee,https://github.com/moi-solutions/moiScot-coffee,MIT,Apache-2.0,6
Rubygems/jellyfish-aws,https://github.com/projectjellyfish/jellyfish-aws,MIT,Apache-2.0,6
Rubygems/yap-rawline,https://github.com/zdennis/rawline,MIT,BSD-3-Clause,6
Rubygems/cluster_eval,https://github.com/sbonisso/cluster_eval,MIT,BSD-3-Clause,6
Rubygems/spree_order_reporting,https://github.com/madetech/order_reporting,MIT,BSD-3-Clause,6
Rubygems/bintje,https://github.com/Electron-libre/bintje,MIT,AGPL-3.0,6
Rubygems/mpm,https://github.com/Port3M5/mpm,MIT,Unlicense,6
Rubygems/teamweek-ruby,https://github.com/Teamweek/teamweek-ruby,MIT,BSD-3-Clause,6
Rubygems/nationsync,https://github.com/dirk/nationsync,MIT,BSD-3-Clause,6
Rubygems/codespicuous,https://github.com/basvodde/codespicuous,MIT,BSD-3-Clause,6
Rubygems/foreman_epel_release,https://github.com/frimik/foreman_epel_release,MIT,GPL-3.0,6
Rubygems/odt2html-nsi,https://github.com/joaofeliperm/odt2html,MIT,LGPL-2.1,6
Rubygems/simpodSass,https://github.com/simPod/simpodSass,"MIT,GPL-2.0",Apache-2.0,6
Rubygems/basic_presenter,https://github.com/vinsol/basic_presenter,MIT,BSD-3-Clause,6
Rubygems/factom-ruby,https://github.com/janx/factom-ruby,MIT,BSD-3-Clause,6
Rubygems/cargowise,https://github.com/yob/cargowise,MIT,GPL-2.0,6
Rubygems/acts_as_messagable,https://github.com/Stex/acts_as_messagable,MIT,Apache-2.0,6
Rubygems/yieldbot-detailed-mailer,https://github.com/yieldbot/dhoulmagus,MIT,GPL-2.0,6
Rubygems/primix,https://github.com/Primix/Primix,MIT,Apache-2.0,6
Rubygems/cinch-rssmonitor,https://github.com/shazaum/cinch-rssmonitor,MIT,GPL-2.0,6
Rubygems/binda,https://github.com/lacolonia/binda,MIT,GPL-3.0,6
Rubygems/base64_attachment,https://github.com/benignware/base64_attachment,MIT,GPL-2.0,6
Rubygems/warden-jwt,https://github.com/digivizer/warden-jwt,MIT,GPL-3.0,6
Rubygems/nexus_client,https://github.com/logicminds/nexus-client,MIT,LGPL-2.1,6
Rubygems/time_range,https://github.com/boltnev/time_ranges,MIT,WTFPL,6
Rubygems/steam_tracks,https://github.com/bontscho/steamtracks-ruby,MIT,Apache-2.0,6
Rubygems/loadosophia-api,https://github.com/sponte/loadosophia-api,MIT,Apache-2.0,6
Rubygems/citysdk_webservice_met_office,https://github.com/foxdog-studios/citysdk-webservice-met-office,MIT,Apache-2.0,6
Rubygems/cometd-rails,https://github.com/lordkada/cometd-rails,MIT,Apache-2.0,6
Rubygems/rschema_hamster,https://github.com/dcrosby42/rschema_hamster,MIT,Apache-2.0,6
Rubygems/railswithfirephp,https://github.com/bluedeep/railswithfirephp,MIT,GPL-2.0,6
Rubygems/solr_sail,https://github.com/mguymon/solr_sail,MIT,Apache-2.0,6
Rubygems/doctor,https://github.com/estantevirtual/doctor,MIT,Apache-2.0,6
Rubygems/mineskin,https://github.com/unn4m3d/mineskin,MIT,Unlicense,6
Rubygems/eventql,https://github.com/eventql/eventql,MIT,AGPL-3.0,6
Rubygems/epom,https://github.com/kewelta/epom,MIT,LGPL-3.0,6
Rubygems/delayed_touch_associations,https://github.com/iwiznia/delayed_touch_associations,MIT,GPL-2.0,6
Rubygems/rack-polymer,https://github.com/yb66/rack-polymer,MIT,BSD-3-Clause,6
Rubygems/menu-cli,https://github.com/kurtisnelson/menu-cli,MIT,GPL-2.0,6
Rubygems/pandoc-jats-ruby,https://github.com/mfenner/pandoc-jats-ruby,MIT,GPL-2.0,6
Rubygems/tablr,https://github.com/durango/Tablr,MIT,BSD-3-Clause,6
Rubygems/mcapi-uuid,https://github.com/MC-API/uuid-ruby,MIT,GPL-2.0,6
Rubygems/thoth,https://github.com/rgrove/thoth,MIT,BSD-3-Clause,6
Rubygems/cqr,https://github.com/ivyl/cqr,"MIT,GPL-2.0",GPL-2.0,6
Rubygems/liquid_code,https://github.com/jooray/liquid_code,MIT,BSD-2-Clause,6
Rubygems/xget,https://github.com/takeiteasy/xget,MIT,BSD-3-Clause,6
Rubygems/triglav_client,https://github.com/triglav-dataflow/triglav-client-ruby,MIT,Apache-2.0,6
Rubygems/runicode,https://github.com/gerggggggg/runicode,MIT,BSD-3-Clause,6
Rubygems/featureflow-ruby-sdk,https://github.com/featureflow/featureflow-ruby-sdk,MIT,Apache-2.0,6
Rubygems/pure360,https://github.com/madetech/pure360,MIT,BSD-3-Clause,6
Rubygems/sitelink_generator,https://github.com/GSA/sitelink_generator,MIT,CC0-1.0,6
Rubygems/spreeference,https://github.com/hugomarquez/spreeference,MIT,BSD-3-Clause,6
Rubygems/smart_proxy_pulp_plugin,https://github.com/theforeman/smart_proxy_pulp,MIT,GPL-3.0,6
Rubygems/yieldbot-detailed-slack,https://github.com/yieldbot/nokturnus,MIT,GPL-2.0,6
Rubygems/grobber,https://github.com/rocketlobster/grobber,MIT,GPL-3.0,6
Rubygems/octocore-mongo,https://github.com/octoai/gem-octocore-mongo,MIT,Apache-2.0,6
Rubygems/insta_swag,https://github.com/workshare/insta_swag,MIT,GPL-3.0+,6
Rubygems/git_sme,https://github.com/sjaveed/git_sme,MIT,GPL-3.0,6
Rubygems/tifffile,https://github.com/kirillmakhonin/tifffile-ruby,MIT,GPL-3.0,6
Rubygems/ork-encryption,https://github.com/emancu/ork-encryption,MIT,Apache-2.0,6
Rubygems/multi_mappable,https://github.com/ucirvine/multi_mappable,MIT,BSD-3-Clause,6
Rubygems/yieldbot-detailed-pagerduty,https://github.com/yieldbot/corvus,MIT,GPL-2.0,6
Rubygems/ruby_gs,https://github.com/RainbowReich/ruby_gs,MIT,GPL-2.0,6
Rubygems/moltrio-config,https://github.com/tecnologiaenegocios/moltrio-config,MIT,Apache-2.0,6
Rubygems/megam_htmlentities,https://github.com/megamsys/htmlentities,MIT,Apache-2.0,6
Rubygems/dist_diff,https://github.com/AnwarShah/dist_diff,MIT,GPL-3.0,6
Rubygems/economics,https://github.com/CapSens/economics,MIT,BSD-3-Clause,5
Rubygems/chef-handler-slack-report-at-success,https://github.com/tinyspeck/chef-handler-slack,MIT,Apache-2.0,5
Rubygems/appveyor-api,https://github.com/damacus/appveyor-api,MIT,GPL-3.0,5
Rubygems/teamlab,https://github.com/ONLYOFFICE/onlyoffice_api_gem,MIT,AGPL-3.0,5
Rubygems/redis_locks,https://github.com/academia-edu/redis_locks,MIT,Apache-2.0,5
Rubygems/cql-instrumentation,https://github.com/SPBTV/cql-instrumentation,MIT,Apache-2.0,5
Rubygems/azure_mgmt_consumption,https://github.com/Azure/azure-sdk-for-ruby,MIT,Apache-2.0,5
Rubygems/extendi-instagram,https://github.com/facebookarchive/instagram-ruby-gem,MIT,BSD-3-Clause,5
Rubygems/rake_helper,https://github.com/Sage/rake_helper,MIT,Apache-2.0,5
Rubygems/wikiconvert,https://github.com/trmml/wikiconvert,MIT,Unlicense,5
Rubygems/twitter_ads,https://github.com/seevibes/twitter_ads,MIT,Apache-2.0,4
Rubygems/sword,https://github.com/yegortimoshenko/sword,MIT,ISC,4
Rubygems/complexity_assert,https://github.com/philou/complexity-assert,MIT,Apache-2.0,4
Rubygems/NpSearch,https://github.com/wurmlab/NpSearch,MIT,AGPL-3.0,3
Rubygems/Primix,https://github.com/Primix/Primix,MIT,Apache-2.0,2
Rubygems/lita-dm-notifier,https://github.com/mbainter/lita-dm-notifier,MIT,BSD-2-Clause,0
Rubygems/iupick,https://github.com/iupickmx/iupick-ruby,MIT,BSD-3-Clause,0
Rubygems/ansj_seg,https://github.com/NLPchina/ansj_seg,MIT,Apache-2.0,0
Rubygems/fde-rabbit-notification,https://github.com/fashion-data-exchange/rabbit-notification,MIT,Apache-2.0,0
Rubygems/yaml_converter,https://github.com/alexgonor/ruby-rails-course-2017,MIT,GPL-3.0,0
Rubygems/squids,https://github.com/iogf/squids,MIT,Apache-2.0,0
Rubygems/midnight,https://github.com/bluefuton/midnight,MIT,GPL-2.0,0
Rubygems/csgolytics,https://github.com/eventql/eventql,MIT,AGPL-3.0,0
Rubygems/composition,https://github.com/mirego/active_model_serializers_validator,MIT,BSD-3-Clause,0
Rubygems/yasp,https://github.com/rsheldiii/YASP,MIT,GPL-2.0,0
Rubygems/harvest_forecast,https://github.com/dwetteroth/harvest_forecast,MIT,GPL-3.0,0
Rubygems/solidus_klarna_payments,https://github.com/bitspire/solidus_klarna_payments,MIT,Apache-2.0,0
Rubygems/GiphyClient,https://github.com/Giphy/giphy-ruby-client,MIT,MPL-2.0,0
Rubygems/objectifyhash,https://github.com/sky-uk/objectifyhash,MIT,BSD-3-Clause,0
Rubygems/devTerm,https://github.com/aculligan/devterm,MIT,Apache-2.0,0
Rubygems/susi,https://github.com/fossasia/susi_server,MIT,LGPL-2.1,0
Rubygems/lek,https://github.com/pacharanero/lek,MIT,GPL-3.0,0
Rubygems/jekyll-theme-shoreline-docs,https://github.com/shoreline-chrism/shoreline-jekyll-theme-docs,MIT,CC0-1.0,0
